"","Isolate","Genotype","State","isotype","Height.cm.","X.Cankers","canker.cm","DS"
"1","00-60 ","Besc234","Wisconsin","00-60 --Besc234--Wisconsin",37.5,7.25,0.199705081669691,5
"2","00-60 ","Besc400","Wisconsin","00-60 --Besc400--Wisconsin",38.5,0,0,1
"3","00-60 ","CMBF28-1","Wisconsin","00-60 --CMBF28-1--Wisconsin",37.5,2,0.0524969413858303,4
"4","00-60 ","GW11026","Wisconsin","00-60 --GW11026--Wisconsin",37.75,1.75,0.040164320569251,4
"5","00-60 ","GW9823","Wisconsin","00-60 --GW9823--Wisconsin",41.75,2.75,0.0673124502893085,4
"6","02-119A","Besc234","Wisconsin","02-119A--Besc234--Wisconsin",38.4,1.75,0.0417205930321875,1
"7","02-119A","Besc400","Wisconsin","02-119A--Besc400--Wisconsin",36.825,1.25,0.0354542681335318,2
"8","02-119A","CMBF28-1","Wisconsin","02-119A--CMBF28-1--Wisconsin",34.875,0.25,0.00631313131313125,1
"9","02-119A","GW11026","Wisconsin","02-119A--GW11026--Wisconsin",25.675,3.25,0.122051854200291,2
"10","02-119A","GW9823","Wisconsin","02-119A--GW9823--Wisconsin",31.125,1.5,0.0407608695652175,1
"11","02-135","Besc234","Wisconsin","02-135--Besc234--Wisconsin",26.75,7,0.257808857808858,4
"12","02-135","Besc400","Wisconsin","02-135--Besc400--Wisconsin",27.25,4,0.126938711694809,4
"13","02-135","CMBF28-1","Wisconsin","02-135--CMBF28-1--Wisconsin",35.875,4.25,0.112553342816501,4
"14","02-135","GW11026","Wisconsin","02-135--GW11026--Wisconsin",38.375,9.5,0.232049077865548,4
"15","02-135","GW9823","Wisconsin","02-135--GW9823--Wisconsin",36.625,3.75,0.0951337064676618,4
"16","02-135A ","Besc234","Wisconsin","02-135A --Besc234--Wisconsin",31.125,4.5,0.143034021701835,5
"17","02-135A ","Besc400","Wisconsin","02-135A --Besc400--Wisconsin",27.125,1,0.0333064732742413,1
"18","02-135A ","CMBF28-1","Wisconsin","02-135A --CMBF28-1--Wisconsin",30.25,1.75,0.053030303030303,1
"19","02-135A ","GW11026","Wisconsin","02-135A --GW11026--Wisconsin",37.25,10.25,0.293934878680641,4
"20","02-135A ","GW9823","Wisconsin","02-135A --GW9823--Wisconsin",32.125,3.5,0.113955243299506,4
"21","02-149","Besc234","Wisconsin","02-149--Besc234--Wisconsin",29.875,3,0.0929824561403507,4
"22","02-149","Besc400","Wisconsin","02-149--Besc400--Wisconsin",34.625,1.5,0.042579908675799,4
"23","02-149","CMBF28-1","Wisconsin","02-149--CMBF28-1--Wisconsin",23.125,0,0,1
"24","02-149","GW11026","Wisconsin","02-149--GW11026--Wisconsin",41.875,4.5,0.107940368528886,3
"25","02-149","GW9823","Wisconsin","02-149--GW9823--Wisconsin",35.875,0.75,0.0213694827831142,1
"26","02-153","Besc234","Wisconsin","02-153--Besc234--Wisconsin",40.925,9.25,0.22672714177152,4
"27","02-153","Besc400","Wisconsin","02-153--Besc400--Wisconsin",45.875,4,0.0869779268761182,3
"28","02-153","CMBF28-1","Wisconsin","02-153--CMBF28-1--Wisconsin",38.05,4.5,0.11472607141939,1
"29","02-153","GW11026","Wisconsin","02-153--GW11026--Wisconsin",28.85,11.75,0.410676935324158,4
"30","02-153","GW9823","Wisconsin","02-153--GW9823--Wisconsin",38.025,0,0,1
"31","02-179","Besc234","Wisconsin","02-179--Besc234--Wisconsin",35.1,7.5,0.186794607097553,4
"32","02-179","Besc400","Wisconsin","02-179--Besc400--Wisconsin",37.9,2,0.0555753643782337,2
"33","02-179","CMBF28-1","Wisconsin","02-179--CMBF28-1--Wisconsin",37.625,1.5,0.038884423682244,3
"34","02-179","GW11026","Wisconsin","02-179--GW11026--Wisconsin",24.225,0.5,0.019638043896804,1
"35","02-179","GW9823","Wisconsin","02-179--GW9823--Wisconsin",35.7,0.75,0.0187446834366265,1
"36","02-244","Besc234","Wisconsin","02-244--Besc234--Wisconsin",38.075,7.75,0.192373790264336,4
"37","02-244","Besc400","Wisconsin","02-244--Besc400--Wisconsin",33.525,6.75,0.186647895240305,2
"38","02-244","CMBF28-1","Wisconsin","02-244--CMBF28-1--Wisconsin",35.7,4.5,0.131362993874254,4
"39","02-244","GW11026","Wisconsin","02-244--GW11026--Wisconsin",31.125,10.5,0.339545255611809,3
"40","02-244","GW9823","Wisconsin","02-244--GW9823--Wisconsin",30.675,2.75,0.089310520579412,4
"41","11-19C","Besc234","Pennsylvania","11-19C--Besc234--Pennsylvania",38.125,9.25,0.245503140725588,4
"42","11-19C","Besc400","Pennsylvania","11-19C--Besc400--Pennsylvania",35.775,7,0.194124578227261,4
"43","11-19C","CMBF28-1","Pennsylvania","11-19C--CMBF28-1--Pennsylvania",32.525,4.75,0.131484792321598,4
"44","11-19C","GW11026","Pennsylvania","11-19C--GW11026--Pennsylvania",24.125,9.25,0.388152391589735,4
"45","11-19C","GW9823","Pennsylvania","11-19C--GW9823--Pennsylvania",30.275,5.5,0.187981712665001,4
"46","11-20A","Besc234","Pennsylvania","11-20A--Besc234--Pennsylvania",41.2,22.5,0.48484678931061,4
"47","11-20A","Besc400","Pennsylvania","11-20A--Besc400--Pennsylvania",36.95,10.25,0.26636263357229,3
"48","11-20A","CMBF28-1","Pennsylvania","11-20A--CMBF28-1--Pennsylvania",35.15,9.25,0.262252558155204,3
"49","11-20A","GW11026","Pennsylvania","11-20A--GW11026--Pennsylvania",26.5,6.5,0.250686628475945,4
"50","11-20A","GW9823","Pennsylvania","11-20A--GW9823--Pennsylvania",27.825,2,0.0689450440164415,4
"51","ARK05","Besc234","Arkansas","ARK05--Besc234--Arkansas",31.225,0.25,0.008445945945946,1
"52","ARK05","Besc400","Arkansas","ARK05--Besc400--Arkansas",31.025,2,0.0647852391022893,2
"53","ARK05","CMBF28-1","Arkansas","ARK05--CMBF28-1--Arkansas",32.9,0.5,0.015863453815261,1
"54","ARK05","GW11026","Arkansas","ARK05--GW11026--Arkansas",21.275,0.25,0.0113636363636365,1
"55","ARK05","GW9823","Arkansas","ARK05--GW9823--Arkansas",27.05,0,0,1
"56","ARK08","Besc234","Arkansas","ARK08--Besc234--Arkansas",33.1,7.75,0.228711412071626,4
"57","ARK08","Besc400","Arkansas","ARK08--Besc400--Arkansas",31.675,1.25,0.0332446808510638,1
"58","ARK08","CMBF28-1","Arkansas","ARK08--CMBF28-1--Arkansas",38.025,6,0.158772243364137,3
"59","ARK08","GW11026","Arkansas","ARK08--GW11026--Arkansas",24.875,3.25,0.131511109101527,4
"60","ARK08","GW9823","Arkansas","ARK08--GW9823--Arkansas",31.575,5.75,0.186082015635243,4
"61","ARK09","Besc234","Arkansas","ARK09--Besc234--Arkansas",38.7,1,0.0261295218191772,4
"62","ARK09","Besc400","Arkansas","ARK09--Besc400--Arkansas",39.4,0.25,0.00692520775623275,1
"63","ARK09","CMBF28-1","Arkansas","ARK09--CMBF28-1--Arkansas",38.725,0.25,0.0064102564102565,1
"64","ARK09","GW11026","Arkansas","ARK09--GW11026--Arkansas",29.35,1,0.0317460317460318,1
"65","ARK09","GW9823","Arkansas","ARK09--GW9823--Arkansas",39.35,0,0,1
"66","ARK17","Besc234","Arkansas","ARK17--Besc234--Arkansas",29.25,7.75,0.261479128856624,5
"67","ARK17","Besc400","Arkansas","ARK17--Besc400--Arkansas",23.875,2,0.0993148640176733,5
"68","ARK17","CMBF28-1","Arkansas","ARK17--CMBF28-1--Arkansas",29,4,0.131458816097823,5
"69","ARK17","GW11026","Arkansas","ARK17--GW11026--Arkansas",32.5,11,0.338784328489083,5
"70","ARK17","GW9823","Arkansas","ARK17--GW9823--Arkansas",24.875,5.75,0.217056856187291,5
"71","CRP02","Besc234","British Columbia","CRP02--Besc234--British Columbia",44,2.33333333333333,0.0538146724661227,4
"72","CRP02","Besc400","British Columbia","CRP02--Besc400--British Columbia",49,0.25,0.00602409638554225,1
"73","CRP02","CMBF28-1","British Columbia","CRP02--CMBF28-1--British Columbia",44.5,1.25,0.0269277255093473,1
"74","CRP02","GW11026","British Columbia","CRP02--GW11026--British Columbia",46.125,0.75,0.015803783845021,4
"75","CRP02","GW9823","British Columbia","CRP02--GW9823--British Columbia",36.125,0.5,0.01331569664903,4
"76","CRP09","Besc234","British Columbia","CRP09--Besc234--British Columbia",45.8333333333333,0.333333333333333,0.00732600732600733,1
"77","CRP09","Besc400","British Columbia","CRP09--Besc400--British Columbia",47.125,0,0,1
"78","CRP09","CMBF28-1","British Columbia","CRP09--CMBF28-1--British Columbia",53.625,0,0,1
"79","CRP09","GW11026","British Columbia","CRP09--GW11026--British Columbia",49.625,0.75,0.0172413793103448,1
"80","CRP09","GW9823","British Columbia","CRP09--GW9823--British Columbia",39.875,0,0,1
"81","CRP14","Besc234","British Columbia","CRP14--Besc234--British Columbia",52.25,4.5,0.0764676022309613,4
"82","CRP14","Besc400","British Columbia","CRP14--Besc400--British Columbia",45.625,0,0,1
"83","CRP14","CMBF28-1","British Columbia","CRP14--CMBF28-1--British Columbia",45.625,0.5,0.00986460348162475,1
"84","CRP14","GW11026","British Columbia","CRP14--GW11026--British Columbia",41.125,2,0.0535773095854808,4
"85","CRP14","GW9823","British Columbia","CRP14--GW9823--British Columbia",39,0.5,0.0130067567567568,4
"86","DT_T1L2","Besc234","Tennessee","DT_T1L2--Besc234--Tennessee",42.625,0.75,0.0173462970726775,5
"87","DT_T1L2","Besc400","Tennessee","DT_T1L2--Besc400--Tennessee",47.25,0.75,0.0161290322580645,1
"88","DT_T1L2","CMBF28-1","Tennessee","DT_T1L2--CMBF28-1--Tennessee",44.5,1.25,0.028735632183908,1
"89","DT_T1L2","GW11026","Tennessee","DT_T1L2--GW11026--Tennessee",42.75,4.25,0.111243435526223,4
"90","DT_T1L2","GW9823","Tennessee","DT_T1L2--GW9823--Tennessee",37,1.25,0.0301386377335745,4
"91","DT_T1L3","Besc234","Tennessee","DT_T1L3--Besc234--Tennessee",28.875,5,0.182515103634167,5
"92","DT_T1L3","Besc400","Tennessee","DT_T1L3--Besc400--Tennessee",24.625,2,0.0850108225108225,5
"93","DT_T1L3","CMBF28-1","Tennessee","DT_T1L3--CMBF28-1--Tennessee",32.875,1.25,0.0395870286305752,3
"94","DT_T1L3","GW11026","Tennessee","DT_T1L3--GW11026--Tennessee",29.625,8.25,0.277092841446923,5
"95","DT_T1L3","GW9823","Tennessee","DT_T1L3--GW9823--Tennessee",24.625,3.75,0.146676003734827,5
"96","DT_T1L4","Besc234","Tennessee","DT_T1L4--Besc234--Tennessee",43.175,9.25,0.2184254150041,4
"97","DT_T1L4","Besc400","Tennessee","DT_T1L4--Besc400--Tennessee",39.45,1,0.024875859434683,1
"98","DT_T1L4","CMBF28-1","Tennessee","DT_T1L4--CMBF28-1--Tennessee",43.35,2.25,0.0495798950604442,4
"99","DT_T1L4","GW11026","Tennessee","DT_T1L4--GW11026--Tennessee",41.125,4,0.0971551261406335,1
"100","DT_T1L4","GW9823","Tennessee","DT_T1L4--GW9823--Tennessee",39.3,0,0,1
"101","LPH","Besc234","British Columbia","LPH--Besc234--British Columbia",36.825,0.5,0.0134056929269695,1
"102","LPH","Besc400","British Columbia","LPH--Besc400--British Columbia",30.65,1,0.0336700336700338,1
"103","LPH","CMBF28-1","British Columbia","LPH--CMBF28-1--British Columbia",34.975,0,0,1
"104","LPH","GW11026","British Columbia","LPH--GW11026--British Columbia",24.175,0,0,1
"105","LPH","GW9823","British Columbia","LPH--GW9823--British Columbia",23.925,0,0,1
"106","LPH02","Besc234","British Columbia","LPH02--Besc234--British Columbia",33.45,1.25,0.0338377469525013,1
"107","LPH02","Besc400","British Columbia","LPH02--Besc400--British Columbia",33.075,0.5,0.017605633802817,1
"108","LPH02","CMBF28-1","British Columbia","LPH02--CMBF28-1--British Columbia",38.825,0,0,1
"109","LPH02","GW11026","British Columbia","LPH02--GW11026--British Columbia",25.975,0.25,0.009124087591241,1
"110","LPH02","GW9823","British Columbia","LPH02--GW9823--British Columbia",37.675,0,0,1
"111","LPH16","Besc234","British Columbia","LPH16--Besc234--British Columbia",43.125,0.25,0.00769230769230775,1
"112","LPH16","Besc400","British Columbia","LPH16--Besc400--British Columbia",29.5,0.5,0.0167410714285715,4
"113","LPH16","CMBF28-1","British Columbia","LPH16--CMBF28-1--British Columbia",21.25,0,0,1
"114","LPH16","GW11026","British Columbia","LPH16--GW11026--British Columbia",40.875,0,0,1
"115","LPH16","GW9823","British Columbia","LPH16--GW9823--British Columbia",36.375,0,0,1
"116","MN-1","Besc234","Minnesota","MN-1--Besc234--Minnesota",37.9125,5.5,0.152630738530943,5
"117","MN-1","Besc400","Minnesota","MN-1--Besc400--Minnesota",45.175,5.75,0.129613432039518,4
"118","MN-1","CMBF28-1","Minnesota","MN-1--CMBF28-1--Minnesota",38.85,4.5,0.129450833563099,4
"119","MN-1","GW11026","Minnesota","MN-1--GW11026--Minnesota",34.3375,8.25,0.231532000464632,4
"120","MN-1","GW9823","Minnesota","MN-1--GW9823--Minnesota",38.65,7.625,0.204052062035271,4
"121","MN-10","Besc234","Minnesota","MN-10--Besc234--Minnesota",30.325,5.5,0.186960611617672,4
"122","MN-10","Besc400","Minnesota","MN-10--Besc400--Minnesota",34.1,5.75,0.159706748929112,2
"123","MN-10","CMBF28-1","Minnesota","MN-10--CMBF28-1--Minnesota",33.725,2.25,0.0538567850047508,1
"124","MN-10","GW11026","Minnesota","MN-10--GW11026--Minnesota",22.05,2.5,0.113844870725605,2
"125","MN-10","GW9823","Minnesota","MN-10--GW9823--Minnesota",29.1,0.25,0.0087719298245615,1
"126","MN-12","Besc234","Minnesota","MN-12--Besc234--Minnesota",36.775,29.25,0.774460541263668,5
"127","MN-12","Besc400","Minnesota","MN-12--Besc400--Minnesota",29.45,2.25,0.0789009499762802,4
"128","MN-12","CMBF28-1","Minnesota","MN-12--CMBF28-1--Minnesota",30.35,7.5,0.219183098506775,4
"129","MN-12","GW11026","Minnesota","MN-12--GW11026--Minnesota",24.975,2.5,0.121948356807512,4
"130","MN-12","GW9823","Minnesota","MN-12--GW9823--Minnesota",31.2,1.25,0.0393995098039217,1
"131","MN-14","Besc234","Minnesota","MN-14--Besc234--Minnesota",40.45,19.5,0.472027355037512,5
"132","MN-14","Besc400","Minnesota","MN-14--Besc400--Minnesota",42.7625,7.75,0.182692374554309,4
"133","MN-14","CMBF28-1","Minnesota","MN-14--CMBF28-1--Minnesota",39.825,6,0.152312832678925,3
"134","MN-14","GW11026","Minnesota","MN-14--GW11026--Minnesota",32.025,4.75,0.150322662889444,4
"135","MN-14","GW9823","Minnesota","MN-14--GW9823--Minnesota",38.7285714285714,11.7142857142857,0.291195434177927,4
"136","MN-19","Besc234","Minnesota","MN-19--Besc234--Minnesota",31.25,10.5,0.308780396714348,4
"137","MN-19","Besc400","Minnesota","MN-19--Besc400--Minnesota",42.2,8.75,0.200475172852324,4
"138","MN-19","CMBF28-1","Minnesota","MN-19--CMBF28-1--Minnesota",35.375,2.5,0.0679420709571463,4
"139","MN-19","GW11026","Minnesota","MN-19--GW11026--Minnesota",26.5,2.75,0.0994253414685025,3
"140","MN-19","GW9823","Minnesota","MN-19--GW9823--Minnesota",36.35,2,0.0552288969597562,1
"141","MN-2","Besc234","Minnesota","MN-2--Besc234--Minnesota",35.4,7.75,0.21535537470154,4
"142","MN-2","Besc400","Minnesota","MN-2--Besc400--Minnesota",37.325,10.25,0.268865441911134,3
"143","MN-2","CMBF28-1","Minnesota","MN-2--CMBF28-1--Minnesota",39.925,6.5,0.157018724158271,4
"144","MN-2","GW11026","Minnesota","MN-2--GW11026--Minnesota",31.575,6,0.190817904660067,4
"145","MN-2","GW9823","Minnesota","MN-2--GW9823--Minnesota",34.2,2.75,0.0779751210238813,4
"146","MN-20","Besc234","Minnesota","MN-20--Besc234--Minnesota",38.175,1.25,0.0333170295682597,4
"147","MN-20","Besc400","Minnesota","MN-20--Besc400--Minnesota",42.25,3.5,0.0821433012951483,2
"148","MN-20","CMBF28-1","Minnesota","MN-20--CMBF28-1--Minnesota",34.2,0.25,0.00666666666666675,1
"149","MN-20","GW11026","Minnesota","MN-20--GW11026--Minnesota",27.5,2.75,0.100558889928969,1
"150","MN-20","GW9823","Minnesota","MN-20--GW9823--Minnesota",35.675,0,0,1
"151","MN-22","Besc234","Minnesota","MN-22--Besc234--Minnesota",40.75,6,0.175897631779985,4
"152","MN-22","Besc400","Minnesota","MN-22--Besc400--Minnesota",38.5,0.25,0.0086206896551725,1
"153","MN-22","CMBF28-1","Minnesota","MN-22--CMBF28-1--Minnesota",44.25,0.5,0.0103092783505155,1
"154","MN-22","GW11026","Minnesota","MN-22--GW11026--Minnesota",47.5,5,0.0900147565174617,1
"155","MN-22","GW9823","Minnesota","MN-22--GW9823--Minnesota",41.5,1,0.0244112318840577,3
"156","MN-23","Besc234","Minnesota","MN-23--Besc234--Minnesota",52.25,6.5,0.124563814704436,4
"157","MN-23","Besc400","Minnesota","MN-23--Besc400--Minnesota",41.125,2.5,0.0601237842617155,4
"158","MN-23","CMBF28-1","Minnesota","MN-23--CMBF28-1--Minnesota",45.875,4.75,0.100937081659973,4
"159","MN-23","GW11026","Minnesota","MN-23--GW11026--Minnesota",42.375,4.75,0.110167707655453,4
"160","MN-23","GW9823","Minnesota","MN-23--GW9823--Minnesota",41.75,2.75,0.0590702947845807,4
"161","MN-3","Besc234","Minnesota","MN-3--Besc234--Minnesota",37.425,3.5,0.0962368606623037,4
"162","MN-3","Besc400","Minnesota","MN-3--Besc400--Minnesota",45.275,9.5,0.199553090641616,2
"163","MN-3","CMBF28-1","Minnesota","MN-3--CMBF28-1--Minnesota",32.475,1.25,0.0399377173825125,3
"164","MN-3","GW11026","Minnesota","MN-3--GW11026--Minnesota",31.625,2,0.0641045271270353,4
"165","MN-3","GW9823","Minnesota","MN-3--GW9823--Minnesota",37.725,3,0.0746268656716418,1
"166","MN-30","Besc234","Minnesota","MN-30--Besc234--Minnesota",54.8333333333333,5,0.0948731983214743,4
"167","MN-30","Besc400","Minnesota","MN-30--Besc400--Minnesota",47.75,3,0.061675616812557,4
"168","MN-30","CMBF28-1","Minnesota","MN-30--CMBF28-1--Minnesota",49.25,7.5,0.152648938363224,4
"169","MN-30","GW11026","Minnesota","MN-30--GW11026--Minnesota",38.5,7.25,0.186508346602832,4
"170","MN-30","GW9823","Minnesota","MN-30--GW9823--Minnesota",37.75,8.5,0.226547004394313,4
"171","MN-31","Besc234","Minnesota","MN-31--Besc234--Minnesota",40.6666666666667,6,0.151430970750763,4
"172","MN-31","Besc400","Minnesota","MN-31--Besc400--Minnesota",47.75,8.25,0.182371794871795,4
"173","MN-31","CMBF28-1","Minnesota","MN-31--CMBF28-1--Minnesota",42.875,5.5,0.126841298451898,4
"174","MN-31","GW11026","Minnesota","MN-31--GW11026--Minnesota",41.625,7.75,0.187872365256342,5
"175","MN-31","GW9823","Minnesota","MN-31--GW9823--Minnesota",37.75,13.25,0.328883055791858,4
"176","MN-32","Besc234","Minnesota","MN-32--Besc234--Minnesota",40.3333333333333,9,0.217478397285544,4
"177","MN-32","Besc400","Minnesota","MN-32--Besc400--Minnesota",38.25,6.25,0.162236237534025,4
"178","MN-32","CMBF28-1","Minnesota","MN-32--CMBF28-1--Minnesota",48,11.5,0.255382501145213,4
"179","MN-32","GW11026","Minnesota","MN-32--GW11026--Minnesota",44,10,0.217998483290719,4
"180","MN-32","GW9823","Minnesota","MN-32--GW9823--Minnesota",35.375,2.5,0.0645776195499297,4
"181","MN-33","Besc234","Minnesota","MN-33--Besc234--Minnesota",35.875,4.75,0.132792572604286,5
"182","MN-33","Besc400","Minnesota","MN-33--Besc400--Minnesota",42.375,3.25,0.0772954990358077,4
"183","MN-33","CMBF28-1","Minnesota","MN-33--CMBF28-1--Minnesota",46.5,8,0.170303533366125,4
"184","MN-33","GW11026","Minnesota","MN-33--GW11026--Minnesota",42.125,5,0.113469474376337,4
"185","MN-33","GW9823","Minnesota","MN-33--GW9823--Minnesota",43.125,7.75,0.17314739688979,4
"186","MN-4","Besc234","Minnesota","MN-4--Besc234--Minnesota",37.875,16.5,0.42687633005346,5
"187","MN-4","Besc400","Minnesota","MN-4--Besc400--Minnesota",42.375,9.75,0.230061700645373,4
"188","MN-4","CMBF28-1","Minnesota","MN-4--CMBF28-1--Minnesota",35.775,6.5,0.176972594103836,4
"189","MN-4","GW11026","Minnesota","MN-4--GW11026--Minnesota",32.3,8.75,0.258341091499421,4
"190","MN-4","GW9823","Minnesota","MN-4--GW9823--Minnesota",38.225,12,0.301573669312383,4
"191","MN-5","Besc234","Minnesota","MN-5--Besc234--Minnesota",37.45,13.25,0.335331487830321,4
"192","MN-5","Besc400","Minnesota","MN-5--Besc400--Minnesota",43.2,8,0.189463873309139,4
"193","MN-5","CMBF28-1","Minnesota","MN-5--CMBF28-1--Minnesota",36.625,2.5,0.0774007038712922,1
"194","MN-5","GW11026","Minnesota","MN-5--GW11026--Minnesota",34.05,1.25,0.0388786560508917,3
"195","MN-5","GW9823","Minnesota","MN-5--GW9823--Minnesota",40.225,3.5,0.0935753081654403,4
"196","MN-6","Besc234","Minnesota","MN-6--Besc234--Minnesota",83.9125,13.75,0.339634621517435,5
"197","MN-6","Besc400","Minnesota","MN-6--Besc400--Minnesota",40.7625,4.125,0.117507705889555,4
"198","MN-6","CMBF28-1","Minnesota","MN-6--CMBF28-1--Minnesota",36.0375,1.125,0.0303381014459535,4
"199","MN-6","GW11026","Minnesota","MN-6--GW11026--Minnesota",31.65,6.625,0.213243589568094,4
"200","MN-6","GW9823","Minnesota","MN-6--GW9823--Minnesota",37.725,5.875,0.122416419664077,1
"201","MN-9","Besc234","Minnesota","MN-9--Besc234--Minnesota",33.975,14.5,0.423940977736128,5
"202","MN-9","Besc400","Minnesota","MN-9--Besc400--Minnesota",31.45,11.75,0.357246727385329,3
"203","MN-9","CMBF28-1","Minnesota","MN-9--CMBF28-1--Minnesota",32.75,4.5,0.124798003243622,4
"204","MN-9","GW11026","Minnesota","MN-9--GW11026--Minnesota",21.675,4.25,0.196564978348659,3
"205","MN-9","GW9823","Minnesota","MN-9--GW9823--Minnesota",25.275,2.75,0.116349018409594,4
"206","Nisk1","Besc234","North Dakota","Nisk1--Besc234--North Dakota",34.2,16.5,0.4791767902138,4
"207","Nisk1","Besc400","North Dakota","Nisk1--Besc400--North Dakota",34.225,6.75,0.200064423854357,4
"208","Nisk1","CMBF28-1","North Dakota","Nisk1--CMBF28-1--North Dakota",31.9,4.75,0.140899119622524,3
"209","Nisk1","GW11026","North Dakota","Nisk1--GW11026--North Dakota",34.3575,8.75,0.261870116031779,3
"210","Nisk1","GW9823","North Dakota","Nisk1--GW9823--North Dakota",38.65,19.75,0.501532869820475,5
"211","OR-1","Besc234","Oregon","OR-1--Besc234--Oregon",59.75,0.25,0.00462962962962975,1
"212","OR-1","Besc400","Oregon","OR-1--Besc400--Oregon",44.5,0.25,0.0086206896551725,1
"213","OR-1","CMBF28-1","Oregon","OR-1--CMBF28-1--Oregon",45,0.25,0.00431034482758625,1
"214","OR-1","GW11026","Oregon","OR-1--GW11026--Oregon",51,3,0.0570539958407607,4
"215","OR-1","GW9823","Oregon","OR-1--GW9823--Oregon",53,2,0.0402832674571805,4
"216","OR-10","Besc234","Oregon","OR-10--Besc234--Oregon",47.5,2.25,0.0542991943494095,5
"217","OR-10","Besc400","Oregon","OR-10--Besc400--Oregon",62.25,4.5,0.0774725110169855,3
"218","OR-10","CMBF28-1","Oregon","OR-10--CMBF28-1--Oregon",49.5,0.75,0.011904761904762,1
"219","OR-10","GW11026","Oregon","OR-10--GW11026--Oregon",48.75,3,0.0646726938515215,4
"220","OR-10","GW9823","Oregon","OR-10--GW9823--Oregon",43.25,0.75,0.0148687448728467,1
"221","OR-11","Besc234","Oregon","OR-11--Besc234--Oregon",40.5,3.75,0.105684349476116,4
"222","OR-11","Besc400","Oregon","OR-11--Besc400--Oregon",37.75,1.25,0.031397478887233,4
"223","OR-11","CMBF28-1","Oregon","OR-11--CMBF28-1--Oregon",50.25,1.75,0.0328499820981022,3
"224","OR-11","GW11026","Oregon","OR-11--GW11026--Oregon",57,6.75,0.125990373297073,4
"225","OR-11","GW9823","Oregon","OR-11--GW9823--Oregon",49.75,4,0.0823012771875017,4
"226","OR-12","Besc234","Oregon","OR-12--Besc234--Oregon",46.5,0.5,0.013888888888889,1
"227","OR-12","Besc400","Oregon","OR-12--Besc400--Oregon",43,0,0,1
"228","OR-12","CMBF28-1","Oregon","OR-12--CMBF28-1--Oregon",47.75,0.25,0.00490196078431375,1
"229","OR-12","GW11026","Oregon","OR-12--GW11026--Oregon",50.25,1,0.019607843137255,1
"230","OR-12","GW9823","Oregon","OR-12--GW9823--Oregon",50.25,1,0.023026598026598,4
"231","OR-13","Besc234","Oregon","OR-13--Besc234--Oregon",49.5,3.25,0.066826706676669,4
"232","OR-13","Besc400","Oregon","OR-13--Besc400--Oregon",54.75,1.25,0.0251523649961152,3
"233","OR-13","CMBF28-1","Oregon","OR-13--CMBF28-1--Oregon",50,1.5,0.0294117647058822,1
"234","OR-13","GW11026","Oregon","OR-13--GW11026--Oregon",51.75,4.5,0.0882643482925085,4
"235","OR-13","GW9823","Oregon","OR-13--GW9823--Oregon",43.25,3,0.0754694485842028,4
"236","OR-2","Besc234","Oregon","OR-2--Besc234--Oregon",66.5,0.25,0.00403225806451625,1
"237","OR-2","Besc400","Oregon","OR-2--Besc400--Oregon",45.25,0.5,0.0172413793103448,1
"238","OR-2","CMBF28-1","Oregon","OR-2--CMBF28-1--Oregon",53.75,4,0.108108108108108,1
"239","OR-2","GW11026","Oregon","OR-2--GW11026--Oregon",42.25,0.5,0.0104166666666667,1
"240","OR-2","GW9823","Oregon","OR-2--GW9823--Oregon",43.75,0.25,0.0047169811320755,1
"241","OR-3","Besc234","Oregon","OR-3--Besc234--Oregon",51.25,0.5,0.0098039215686275,1
"242","OR-3","Besc400","Oregon","OR-3--Besc400--Oregon",51.75,0.5,0.00926870748299325,1
"243","OR-3","CMBF28-1","Oregon","OR-3--CMBF28-1--Oregon",52.25,0,0,1
"244","OR-3","GW11026","Oregon","OR-3--GW11026--Oregon",47.75,1.5,0.0347619047619048,1
"245","OR-3","GW9823","Oregon","OR-3--GW9823--Oregon",41.5,5.25,0.121713852376137,1
"246","OR-4","Besc234","Oregon","OR-4--Besc234--Oregon",59.25,0.75,0.0142682072829132,1
"247","OR-4","Besc400","Oregon","OR-4--Besc400--Oregon",46,1.25,0.017297162767546,1
"248","OR-4","CMBF28-1","Oregon","OR-4--CMBF28-1--Oregon",54.5,0,0,1
"249","OR-4","GW11026","Oregon","OR-4--GW11026--Oregon",57,3.5,0.0575683636205548,4
"250","OR-4","GW9823","Oregon","OR-4--GW9823--Oregon",42.25,0.25,0.0051020408163265,1
"251","OR-5","Besc234","Oregon","OR-5--Besc234--Oregon",49.25,2.25,0.0439045183290705,1
"252","OR-5","Besc400","Oregon","OR-5--Besc400--Oregon",60.5,1.5,0.0217172252012875,4
"253","OR-5","CMBF28-1","Oregon","OR-5--CMBF28-1--Oregon",56.5,0.25,0.00446428571428575,1
"254","OR-5","GW11026","Oregon","OR-5--GW11026--Oregon",48.25,0.75,0.0234375,1
"255","OR-5","GW9823","Oregon","OR-5--GW9823--Oregon",39,0.25,0.005813953488372,1
"256","OR-6","Besc234","Oregon","OR-6--Besc234--Oregon",54.5,0.75,0.017857142857143,1
"257","OR-6","Besc400","Oregon","OR-6--Besc400--Oregon",49.5,0.25,0.005,1
"258","OR-6","CMBF28-1","Oregon","OR-6--CMBF28-1--Oregon",45,0.25,0.0073529411764705,1
"259","OR-6","GW11026","Oregon","OR-6--GW11026--Oregon",46.5,1.25,0.0245215311004787,1
"260","OR-6","GW9823","Oregon","OR-6--GW9823--Oregon",46,2.75,0.051950998185118,1
"261","OR-7","Besc234","Oregon","OR-7--Besc234--Oregon",42.25,0.5,0.0109669811320755,1
"262","OR-7","Besc400","Oregon","OR-7--Besc400--Oregon",47,0.75,0.0146618150684933,1
"263","OR-7","CMBF28-1","Oregon","OR-7--CMBF28-1--Oregon",52.5,0.5,0.0104166666666667,1
"264","OR-7","GW11026","Oregon","OR-7--GW11026--Oregon",59,2.5,0.0472527472527472,1
"265","OR-7","GW9823","Oregon","OR-7--GW9823--Oregon",62.75,1.25,0.0192513942513945,1
"266","OR-8","Besc234","Oregon","OR-8--Besc234--Oregon",52.25,0.75,0.0124620060790275,1
"267","OR-8","Besc400","Oregon","OR-8--Besc400--Oregon",60,0,0,1
"268","OR-8","CMBF28-1","Oregon","OR-8--CMBF28-1--Oregon",43,0,0,1
"269","OR-8","GW11026","Oregon","OR-8--GW11026--Oregon",52,1,0.019517997814962,4
"270","OR-8","GW9823","Oregon","OR-8--GW9823--Oregon",55,1.5,0.026358317224751,4
"271","OR-9","Besc234","Oregon","OR-9--Besc234--Oregon",47.75,2.75,0.0607683982683982,4
"272","OR-9","Besc400","Oregon","OR-9--Besc400--Oregon",49.75,0.25,0.0045454545454545,1
"273","OR-9","CMBF28-1","Oregon","OR-9--CMBF28-1--Oregon",59.75,0.5,0.00833333333333325,1
"274","OR-9","GW11026","Oregon","OR-9--GW11026--Oregon",48,3.25,0.0624003189792665,4
"275","OR-9","GW9823","Oregon","OR-9--GW9823--Oregon",37,1.25,0.0340548340548343,4
"276","SARM03","Besc234","British Columbia","SARM03--Besc234--British Columbia",24.25,1,0.0355750487329435,4
"277","SARM03","Besc400","British Columbia","SARM03--Besc400--British Columbia",29.625,0,0,1
"278","SARM03","CMBF28-1","British Columbia","SARM03--CMBF28-1--British Columbia",30.75,0,0,1
"279","SARM03","GW11026","British Columbia","SARM03--GW11026--British Columbia",36.75,1,0.0269444444444445,1
"280","SARM03","GW9823","British Columbia","SARM03--GW9823--British Columbia",30.75,0,0,1
"281","SARM04","Besc234","British Columbia","SARM04--Besc234--British Columbia",34.75,4,0.0978477002075823,5
"282","SARM04","Besc400","British Columbia","SARM04--Besc400--British Columbia",34.5,1,0.0282176028306058,4
"283","SARM04","CMBF28-1","British Columbia","SARM04--CMBF28-1--British Columbia",37.875,2,0.0500894454382827,5
"284","SARM04","GW11026","British Columbia","SARM04--GW11026--British Columbia",41.75,4.75,0.102653017959357,4
"285","SARM04","GW9823","British Columbia","SARM04--GW9823--British Columbia",40.375,1.75,0.0422516888397983,4
"286","SARM06","Besc234","British Columbia","SARM06--Besc234--British Columbia",44.8333333333333,1.66666666666667,0.039537869062901,1
"287","SARM06","Besc400","British Columbia","SARM06--Besc400--British Columbia",34.5,0.666666666666667,0.0160642570281123,1
"288","SARM06","CMBF28-1","British Columbia","SARM06--CMBF28-1--British Columbia",31.625,0,0,1
"289","SARM06","GW11026","British Columbia","SARM06--GW11026--British Columbia",32.3333333333333,3,0.0910293410293413,4
"290","SARM06","GW9823","British Columbia","SARM06--GW9823--British Columbia",34.625,0,0,1
"291","SARM07","Besc234","British Columbia","SARM07--Besc234--British Columbia",42.125,4.75,0.102864089933055,5
"292","SARM07","Besc400","British Columbia","SARM07--Besc400--British Columbia",26.5,0.75,0.0277777777777777,1
"293","SARM07","CMBF28-1","British Columbia","SARM07--CMBF28-1--British Columbia",33.6666666666667,2,0.057995735607676,4
"294","SARM07","GW11026","British Columbia","SARM07--GW11026--British Columbia",40,3.33333333333333,0.0806970806970807,4
"295","SARM07","GW9823","British Columbia","SARM07--GW9823--British Columbia",32.875,4,0.12082629119157,5
"296","SARM11","Besc234","British Columbia","SARM11--Besc234--British Columbia",28.75,7,0.214529914529914,5
"297","SARM11","Besc400","British Columbia","SARM11--Besc400--British Columbia",23,2,0.0787841191066997,1
"298","SARM11","CMBF28-1","British Columbia","SARM11--CMBF28-1--British Columbia",29.625,6,0.181689887881976,5
"299","SARM11","GW11026","British Columbia","SARM11--GW11026--British Columbia",24.125,4.5,0.188997040334052,4
"300","SARM11","GW9823","British Columbia","SARM11--GW9823--British Columbia",29.625,1.5,0.0540906788247215,4
"301","SARM12","Besc234","British Columbia","SARM12--Besc234--British Columbia",107.333333333333,0,0,1
"302","SARM12","Besc400","British Columbia","SARM12--Besc400--British Columbia",32.625,0.75,0.021151951454354,4
"303","SARM12","CMBF28-1","British Columbia","SARM12--CMBF28-1--British Columbia",29,0,0,1
"304","SARM12","GW11026","British Columbia","SARM12--GW11026--British Columbia",38,0,0,1
"305","SARM12","GW9823","British Columbia","SARM12--GW9823--British Columbia",32.875,0.75,0.0228395061728395,1
"306","SARM13","Besc234","British Columbia","SARM13--Besc234--British Columbia",43.125,1.25,0.119024625784645,1
"307","SARM13","Besc400","British Columbia","SARM13--Besc400--British Columbia",40.75,0,0,1
"308","SARM13","CMBF28-1","British Columbia","SARM13--CMBF28-1--British Columbia",23.75,0,0,1
"309","SARM13","GW11026","British Columbia","SARM13--GW11026--British Columbia",36.375,3.5,0.0895543323963262,2
"310","SARM13","GW9823","British Columbia","SARM13--GW9823--British Columbia",40.375,0.25,0.005952380952381,1
"311","SARM14","Besc234","British Columbia","SARM14--Besc234--British Columbia",36.825,0,0,1
"312","SARM14","Besc400","British Columbia","SARM14--Besc400--British Columbia",31.725,0.5,0.0162337662337662,1
"313","SARM14","CMBF28-1","British Columbia","SARM14--CMBF28-1--British Columbia",29.125,0.5,0.017315707137654,2
"314","SARM14","GW11026","British Columbia","SARM14--GW11026--British Columbia",24.55,0.75,0.029649704716447,1
"315","SARM14","GW9823","British Columbia","SARM14--GW9823--British Columbia",28.15,0,0,1
"316","T104","Besc234","Quebec","T104--Besc234--Quebec",103.325,2,0.027489572729056,4
"317","T104","Besc400","Quebec","T104--Besc400--Quebec",34.2,0.5,0.0157232704402515,1
"318","T104","CMBF28-1","Quebec","T104--CMBF28-1--Quebec",37.65,1.75,0.04491833030853,1
"319","T104","GW11026","Quebec","T104--GW11026--Quebec",23.7,0.25,0.00961538461538475,1
"320","T104","GW9823","Quebec","T104--GW9823--Quebec",31.9,0.75,0.0194300518134715,1
"321","T110","Besc234","Kentucky","T110--Besc234--Kentucky",41.1,4.5,0.106267136701919,4
"322","T110","Besc400","Kentucky","T110--Besc400--Kentucky",35.8,2,0.058611024260145,4
"323","T110","CMBF28-1","Kentucky","T110--CMBF28-1--Kentucky",35.3,1,0.023041474654378,1
"324","T110","GW11026","Kentucky","T110--GW11026--Kentucky",30.725,0.25,0.00905797101449275,1
"325","T110","GW9823","Kentucky","T110--GW9823--Kentucky",34.75,0.5,0.0162341079397155,1
"326","T120","Besc234","Missouri","T120--Besc234--Missouri",40.125,6.75,0.165756947156866,5
"327","T120","Besc400","Missouri","T120--Besc400--Missouri",34.725,4.25,0.0856316863521118,1
"328","T120","CMBF28-1","Missouri","T120--CMBF28-1--Missouri",37.825,2.5,0.0632035806320358,1
"329","T120","GW11026","Missouri","T120--GW11026--Missouri",33.9,0.75,0.0187562661068385,1
"330","T120","GW9823","Missouri","T120--GW9823--Missouri",42.275,10.75,0.233866251650632,3
"331","T125","Besc234","Pennsylvania","T125--Besc234--Pennsylvania",32.6,12.75,0.364887459723252,5
"332","T125","Besc400","Pennsylvania","T125--Besc400--Pennsylvania",29.325,4.5,0.156296505672456,2
"333","T125","CMBF28-1","Pennsylvania","T125--CMBF28-1--Pennsylvania",35.25,9.5,0.239599953270004,4
"334","T125","GW11026","Pennsylvania","T125--GW11026--Pennsylvania",21.45,5,0.234502135572287,4
"335","T125","GW9823","Pennsylvania","T125--GW9823--Pennsylvania",28,8.25,0.276079467674089,4
"336","T126","Besc234","British Columbia","T126--Besc234--British Columbia",43.25,9.25,0.220748041846466,5
"337","T126","Besc400","British Columbia","T126--Besc400--British Columbia",44.5,10.3333333333333,0.242627540499881,4
"338","T126","CMBF28-1","British Columbia","T126--CMBF28-1--British Columbia",37.25,1.5,0.0469503251695032,4
"339","T126","GW11026","British Columbia","T126--GW11026--British Columbia",29.5,10,0.338983050847458,5
"340","T126","GW9823","British Columbia","T126--GW9823--British Columbia",42.875,5.5,0.12734930001157,4
"341","T127","Besc234","British Columbia","T127--Besc234--British Columbia",41.5,3.25,0.0810822898032203,4
"342","T127","Besc400","British Columbia","T127--Besc400--British Columbia",30.6666666666667,2,0.0628835645229087,4
"343","T127","CMBF28-1","British Columbia","T127--CMBF28-1--British Columbia",21.5,1,0.0434782608695655,4
"344","T127","GW11026","British Columbia","T127--GW11026--British Columbia",43.3333333333333,1.66666666666667,0.039789574366332,4
"345","T127","GW9823","British Columbia","T127--GW9823--British Columbia",33.625,5.5,0.162310679863871,4
"346","T128","Besc234","Alberta","T128--Besc234--Alberta",45.5,2,0.048666434489864,4
"347","T128","Besc400","Alberta","T128--Besc400--Alberta",51,0.75,0.0145218451136193,2
"348","T128","CMBF28-1","Alberta","T128--CMBF28-1--Alberta",42.25,2.25,0.0537925723564545,3
"349","T128","GW11026","Alberta","T128--GW11026--Alberta",46.875,1,0.0215468653400085,2
"350","T128","GW9823","Alberta","T128--GW9823--Alberta",48.8333333333333,3,0.0658615136876007,4
"351","T133","Besc234","Alberta","T133--Besc234--Alberta",39.325,2.75,0.06857895161143,2
"352","T133","Besc400","Alberta","T133--Besc400--Alberta",31.675,1,0.028409090909091,1
"353","T133","CMBF28-1","Alberta","T133--CMBF28-1--Alberta",35,0,0,1
"354","T133","GW11026","Alberta","T133--GW11026--Alberta",26.875,0.75,0.0300453514739227,3
"355","T133","GW9823","Alberta","T133--GW9823--Alberta",31.175,4,0.116833890746934,1
"356","T140","Besc234","Ontario","T140--Besc234--Ontario",39.125,3.25,0.0798376133494675,4
"357","T140","Besc400","Ontario","T140--Besc400--Ontario",39.85,1.75,0.0406042128603105,1
"358","T140","CMBF28-1","Ontario","T140--CMBF28-1--Ontario",38.675,0.25,0.00617283950617275,1
"359","T140","GW11026","Ontario","T140--GW11026--Ontario",32.775,2,0.055344328132201,1
"360","T140","GW9823","Ontario","T140--GW9823--Ontario",29.6,1,0.03407184589576,1
"361","T143","Besc234","Ontario","T143--Besc234--Ontario",37.1,11.75,0.314553290797588,4
"362","T143","Besc400","Ontario","T143--Besc400--Ontario",32.4,5.75,0.178345728322196,4
"363","T143","CMBF28-1","Ontario","T143--CMBF28-1--Ontario",39.6,1,0.027027027027027,1
"364","T143","GW11026","Ontario","T143--GW11026--Ontario",25.3,2.75,0.102125900715151,2
"365","T143","GW9823","Ontario","T143--GW9823--Ontario",35.475,0,0,1
"366","T155","Besc234","Quebec","T155--Besc234--Quebec",37.575,11.25,0.306033731623302,4
"367","T155","Besc400","Quebec","T155--Besc400--Quebec",34.925,1,0.0295422636618907,2
"368","T155","CMBF28-1","Quebec","T155--CMBF28-1--Quebec",32.675,5.75,0.177059036357348,3
"369","T155","GW11026","Quebec","T155--GW11026--Quebec",25.725,3.5,0.142476406432669,4
"370","T155","GW9823","Quebec","T155--GW9823--Quebec",33.325,3.75,0.112722575043639,4
"371","T157","Besc234","Quebec","T157--Besc234--Quebec",39.525,9.25,0.228723481736785,4
"372","T157","Besc400","Quebec","T157--Besc400--Quebec",39.3,8.25,0.177732944673397,1
"373","T157","CMBF28-1","Quebec","T157--CMBF28-1--Quebec",35.65,3,0.0788767641081165,2
"374","T157","GW11026","Quebec","T157--GW11026--Quebec",36.225,9.5,0.254783272439136,2
"375","T157","GW9823","Quebec","T157--GW9823--Quebec",36.95,0,0,1
"376","T159","Besc234","Quebec","T159--Besc234--Quebec",34,0,0,1
"377","T159","Besc400","Quebec","T159--Besc400--Quebec",39.35,1.75,0.0445914298373315,1
"378","T159","CMBF28-1","Quebec","T159--CMBF28-1--Quebec",35.5,0.25,0.00798722044728425,1
"379","T159","GW11026","Quebec","T159--GW11026--Quebec",36.25,0,0,1
"380","T159","GW9823","Quebec","T159--GW9823--Quebec",36.375,0.75,0.020458553791887,1
"381","T162","Besc234","Quebec","T162--Besc234--Quebec",42.175,5.25,0.123991908771336,4
"382","T162","Besc400","Quebec","T162--Besc400--Quebec",37.175,1.25,0.0274122807017545,1
"383","T162","CMBF28-1","Quebec","T162--CMBF28-1--Quebec",41.45,0.5,0.011420870795871,1
"384","T162","GW11026","Quebec","T162--GW11026--Quebec",30.475,0,0,1
"385","T162","GW9823","Quebec","T162--GW9823--Quebec",33.1,0.25,0.00651041666666675,1
"386","T167","Besc234","Quebec","T167--Besc234--Quebec",40.075,1,0.0235710161662818,1
"387","T167","Besc400","Quebec","T167--Besc400--Quebec",45.575,24.75,0.493825413888765,2
"388","T167","CMBF28-1","Quebec","T167--CMBF28-1--Quebec",37.15,0,0,1
"389","T167","GW11026","Quebec","T167--GW11026--Quebec",38.325,0.5,0.0107991360691145,1
"390","T167","GW9823","Quebec","T167--GW9823--Quebec",37.8,0.5,0.013089005235602,1
"391","T168","Besc234","Quebec","T168--Besc234--Quebec",36.975,1.75,0.0451830006049607,1
"392","T168","Besc400","Quebec","T168--Besc400--Quebec",38.25,0.5,0.0103950103950105,1
"393","T168","CMBF28-1","Quebec","T168--CMBF28-1--Quebec",39.925,0.75,0.0189557815935035,1
"394","T168","GW11026","Quebec","T168--GW11026--Quebec",39.95,0.5,0.0127226463104325,1
"395","T168","GW9823","Quebec","T168--GW9823--Quebec",37.9,0.5,0.0129080612924718,1
"396","T186","Besc234","Quebec","T186--Besc234--Quebec",34.75,3,0.086422796852542,4
"397","T186","Besc400","Quebec","T186--Besc400--Quebec",37.85,2.25,0.056245136376976,3
"398","T186","CMBF28-1","Quebec","T186--CMBF28-1--Quebec",39.85,1.75,0.0439393083385765,3
"399","T186","GW11026","Quebec","T186--GW11026--Quebec",29.55,1,0.0306760012044565,1
"400","T186","GW9823","Quebec","T186--GW9823--Quebec",34.925,0,0,1
"401","T196","Besc234","Saskatchewan","T196--Besc234--Saskatchewan",40.3333333333333,9.66666666666667,0.216046634870164,5
"402","T196","Besc400","Saskatchewan","T196--Besc400--Saskatchewan",41.6666666666667,5.66666666666667,0.142390289449113,4
"403","T196","CMBF28-1","Saskatchewan","T196--CMBF28-1--Saskatchewan",41.5,7.25,0.156306990881459,4
"404","T196","GW11026","Saskatchewan","T196--GW11026--Saskatchewan",53.5,4.25,0.079365359199271,3
"405","T196","GW9823","Saskatchewan","T196--GW9823--Saskatchewan",31.25,8.75,0.279703975630711,4
"406","T204","Besc234","Saskatchewan","T204--Besc234--Saskatchewan",26.5,9.25,0.351864883884589,4
"407","T204","Besc400","Saskatchewan","T204--Besc400--Saskatchewan",33.875,2,0.0761973875181423,4
"408","T204","CMBF28-1","Saskatchewan","T204--CMBF28-1--Saskatchewan",27.875,16.75,0.615878464276634,5
"409","T204","GW11026","Saskatchewan","T204--GW11026--Saskatchewan",41,13.5,0.320037105751391,2
"410","T204","GW9823","Saskatchewan","T204--GW9823--Saskatchewan",33.625,8.5,0.251273937033431,4
"411","T210","Besc234","Saskatchewan","T210--Besc234--Saskatchewan",47.625,11.25,0.243331568030363,4
"412","T210","Besc400","Saskatchewan","T210--Besc400--Saskatchewan",40.5,0.75,0.0207393266227005,1
"413","T210","CMBF28-1","Saskatchewan","T210--CMBF28-1--Saskatchewan",46.625,1.25,0.0264155729295585,4
"414","T210","GW11026","Saskatchewan","T210--GW11026--Saskatchewan",35.375,0.75,0.0159574468085108,1
"415","T210","GW9823","Saskatchewan","T210--GW9823--Saskatchewan",26.375,0.5,0.024390243902439,1
"416","T211","Besc234","Saskatchewan","T211--Besc234--Saskatchewan",46.875,11,0.232540237023237,5
"417","T211","Besc400","Saskatchewan","T211--Besc400--Saskatchewan",40.5,7.33333333333333,0.190846789431218,4
"418","T211","CMBF28-1","Saskatchewan","T211--CMBF28-1--Saskatchewan",48.6666666666667,7.66666666666667,0.162166675455712,4
"419","T211","GW11026","Saskatchewan","T211--GW11026--Saskatchewan",34.5,3.66666666666667,0.119541277436014,2
"420","T211","GW9823","Saskatchewan","T211--GW9823--Saskatchewan",48.25,19,0.39588764732903,5
"421","T259","Besc234","Quebec","T259--Besc234--Quebec",39.3,24,0.576932691277423,5
"422","T259","Besc400","Quebec","T259--Besc400--Quebec",35.7,1,0.024695512820513,1
"423","T259","CMBF28-1","Quebec","T259--CMBF28-1--Quebec",37.075,7.25,0.192670617562674,4
"424","T259","GW11026","Quebec","T259--GW11026--Quebec",26.425,3.25,0.147481442372359,4
"425","T259","GW9823","Quebec","T259--GW9823--Quebec",37.075,7.5,0.194593370574282,4
"426","T315","Besc234","Quebec","T315--Besc234--Quebec",39.6325,6.75,0.17184617949266,4
"427","T315","Besc400","Quebec","T315--Besc400--Quebec",41.175,1.5,0.0386149683902492,1
"428","T315","CMBF28-1","Quebec","T315--CMBF28-1--Quebec",37.275,0,0,1
"429","T315","GW11026","Quebec","T315--GW11026--Quebec",36.8,0,0,1
"430","T315","GW9823","Quebec","T315--GW9823--Quebec",43.275,4.25,0.108579061732125,4
"431","T318","Besc234","British Columbia","T318--Besc234--British Columbia",40,20.5,0.51068510370836,5
"432","T318","Besc400","British Columbia","T318--Besc400--British Columbia",39.25,9.5,0.239942147905858,4
"433","T318","CMBF28-1","British Columbia","T318--CMBF28-1--British Columbia",30,1.5,0.0479910714285715,3
"434","T318","GW11026","British Columbia","T318--GW11026--British Columbia",43.625,5.75,0.130667881187563,3
"435","T318","GW9823","British Columbia","T318--GW9823--British Columbia",34.25,11.25,0.339797578290891,4
"436","T320","Besc234","Alberta","T320--Besc234--Alberta",33.95,6.5,0.189569467276847,4
"437","T320","Besc400","Alberta","T320--Besc400--Alberta",31.825,2.5,0.0808973080858545,2
"438","T320","CMBF28-1","Alberta","T320--CMBF28-1--Alberta",29.6,2.5,0.085397495568275,3
"439","T320","GW11026","Alberta","T320--GW11026--Alberta",20.95,2,0.098474178403756,2
"440","T320","GW9823","Alberta","T320--GW9823--Alberta",29.45,0.75,0.0232117363264905,1
"441","T421","Besc234","British Columbia","T421--Besc234--British Columbia",41.5,2.75,0.0670361168586395,4
"442","T421","Besc400","British Columbia","T421--Besc400--British Columbia",44.8,4,0.082488746697266,4
"443","T421","CMBF28-1","British Columbia","T421--CMBF28-1--British Columbia",38.075,1.5,0.035178299586415,1
"444","T421","GW11026","British Columbia","T421--GW11026--British Columbia",34.825,0.25,0.006631299734748,1
"445","T421","GW9823","British Columbia","T421--GW9823--British Columbia",39.975,6.25,0.146111245856577,4
"446","T428","Besc234","British Columbia","T428--Besc234--British Columbia",33.775,8.75,0.250395824716363,4
"447","T428","Besc400","British Columbia","T428--Besc400--British Columbia",27.3,0.25,0.009433962264151,1
"448","T428","CMBF28-1","British Columbia","T428--CMBF28-1--British Columbia",30.875,0,0,1
"449","T428","GW11026","British Columbia","T428--GW11026--British Columbia",20.35,2,0.0944101649984005,4
"450","T428","GW9823","British Columbia","T428--GW9823--British Columbia",32.15,2.25,0.071656050955414,1
"451","T431","Besc234","British Columbia","T431--Besc234--British Columbia",31.85,6.75,0.195085135805444,4
"452","T431","Besc400","British Columbia","T431--Besc400--British Columbia",36.875,3.75,0.098636297624195,3
"453","T431","CMBF28-1","British Columbia","T431--CMBF28-1--British Columbia",38.7,1.5,0.035293677884845,3
"454","T431","GW11026","British Columbia","T431--GW11026--British Columbia",26.6,5.25,0.16016406562625,1
"455","T431","GW9823","British Columbia","T431--GW9823--British Columbia",30.275,0.25,0.00932835820895525,1
"456","T432","Besc234","British Columbia","T432--Besc234--British Columbia",32.375,3.75,0.110337077338537,4
"457","T432","Besc400","British Columbia","T432--Besc400--British Columbia",32.2,1,0.030667841061463,4
"458","T432","CMBF28-1","British Columbia","T432--CMBF28-1--British Columbia",35.15,7.75,0.205911916682942,3
"459","T432","GW11026","British Columbia","T432--GW11026--British Columbia",23.85,2.25,0.08362651396556,2
"460","T432","GW9823","British Columbia","T432--GW9823--British Columbia",31.475,0.5,0.0145348837209302,1
"461","TAIGA420","Besc234","British Columbia","TAIGA420--Besc234--British Columbia",44.75,5.25,0.114586775005405,5
"462","TAIGA420","Besc400","British Columbia","TAIGA420--Besc400--British Columbia",23.5,1,0.0357142857142857,1
"463","TAIGA420","CMBF28-1","British Columbia","TAIGA420--CMBF28-1--British Columbia",20.5,0,0,1
"464","TAIGA420","GW11026","British Columbia","TAIGA420--GW11026--British Columbia",36.75,2.5,0.060990289868447,2
"465","TAIGA420","GW9823","British Columbia","TAIGA420--GW9823--British Columbia",36.5,4.25,0.102919254658385,4
"466","Taiga423","Besc234","British Columbia","Taiga423--Besc234--British Columbia",32,9,0.280074729106987,5
"467","Taiga423","Besc400","British Columbia","Taiga423--Besc400--British Columbia",31.25,2.75,0.0869000806614238,4
"468","Taiga423","CMBF28-1","British Columbia","Taiga423--CMBF28-1--British Columbia",33,2,0.0596505093080435,4
"469","Taiga423","GW11026","British Columbia","Taiga423--GW11026--British Columbia",27.75,3.75,0.132258064516129,4
"470","Taiga423","GW9823","British Columbia","Taiga423--GW9823--British Columbia",20,2.5,0.120960212041806,4
"471","Taiga424","Besc234","British Columbia","Taiga424--Besc234--British Columbia",48.125,0,0,1
"472","Taiga424","Besc400","British Columbia","Taiga424--Besc400--British Columbia",47,0,0,1
"473","Taiga424","CMBF28-1","British Columbia","Taiga424--CMBF28-1--British Columbia",41.75,0,0,1
"474","Taiga424","GW11026","British Columbia","Taiga424--GW11026--British Columbia",35.875,0,0,1
"475","Taiga424","GW9823","British Columbia","Taiga424--GW9823--British Columbia",32.125,0,0,1
"476","Taiga427","Besc234","British Columbia","Taiga427--Besc234--British Columbia",44,6.5,0.134594978354334,5
"477","Taiga427","Besc400","British Columbia","Taiga427--Besc400--British Columbia",46.125,2.75,0.0570845104513555,4
"478","Taiga427","CMBF28-1","British Columbia","Taiga427--CMBF28-1--British Columbia",38.875,2.5,0.0576303129494617,4
"479","Taiga427","GW11026","British Columbia","Taiga427--GW11026--British Columbia",35,2,0.05411604170599,3
"480","Taiga427","GW9823","British Columbia","Taiga427--GW9823--British Columbia",30.625,2,0.0635000640040962,4
"481","TAIGA434","Besc234","British Columbia","TAIGA434--Besc234--British Columbia",29.3333333333333,1.66666666666667,0.0544117647058823,4
"482","TAIGA434","Besc400","British Columbia","TAIGA434--Besc400--British Columbia",34.625,1.25,0.0338135518547893,4
"483","TAIGA434","CMBF28-1","British Columbia","TAIGA434--CMBF28-1--British Columbia",28.125,0.75,0.0287719298245615,1
"484","TAIGA434","GW11026","British Columbia","TAIGA434--GW11026--British Columbia",34,2.5,0.067577968812475,4
"485","TAIGA434","GW9823","British Columbia","TAIGA434--GW9823--British Columbia",35.875,3,0.0810471590368328,4
"486","Taiga435","Besc234","British Columbia","Taiga435--Besc234--British Columbia",31.25,4.75,0.143245129484438,5
"487","Taiga435","Besc400","British Columbia","Taiga435--Besc400--British Columbia",35.25,22.25,0.640792695689534,5
"488","Taiga435","CMBF28-1","British Columbia","Taiga435--CMBF28-1--British Columbia",32,6.75,0.213106572481572,4
"489","Taiga435","GW11026","British Columbia","Taiga435--GW11026--British Columbia",42.875,5.5,0.133007708665603,4
"490","Taiga435","GW9823","British Columbia","Taiga435--GW9823--British Columbia",37.875,9.25,0.24037085330945,5
"491","TAIGA437","Besc234","British Columbia","TAIGA437--Besc234--British Columbia",27.625,4,0.160501156984533,4
"492","TAIGA437","Besc400","British Columbia","TAIGA437--Besc400--British Columbia",36.3333333333333,2.33333333333333,0.0636193871487993,4
"493","TAIGA437","CMBF28-1","British Columbia","TAIGA437--CMBF28-1--British Columbia",36.625,7,0.189189640768588,4
"494","TAIGA437","GW11026","British Columbia","TAIGA437--GW11026--British Columbia",40.25,12,0.29045584045584,4
"495","TAIGA437","GW9823","British Columbia","TAIGA437--GW9823--British Columbia",38.5,10.75,0.306908040806318,4
"496","Taiga440","Besc234","British Columbia","Taiga440--Besc234--British Columbia",36.125,2.25,0.0592980463425715,4
"497","Taiga440","Besc400","British Columbia","Taiga440--Besc400--British Columbia",31,0.333333333333333,0.010752688172043,1
"498","Taiga440","CMBF28-1","British Columbia","Taiga440--CMBF28-1--British Columbia",26.625,0.75,0.034090909090909,1
"499","Taiga440","GW11026","British Columbia","Taiga440--GW11026--British Columbia",43.75,4.75,0.101497800207039,3
"500","Taiga440","GW9823","British Columbia","Taiga440--GW9823--British Columbia",40.125,3,0.0655253032121147,4
"501","TD_T1L2","Besc234","Tennessee","TD_T1L2--Besc234--Tennessee",38.475,9.75,0.252745815572304,4
"502","TD_T1L2","Besc400","Tennessee","TD_T1L2--Besc400--Tennessee",32.8,1,0.0259618658495065,1
"503","TD_T1L2","CMBF28-1","Tennessee","TD_T1L2--CMBF28-1--Tennessee",38.25,0.5,0.0132275132275132,1
"504","TD_T1L2","GW11026","Tennessee","TD_T1L2--GW11026--Tennessee",39.45,2.75,0.066540399960265,1
"505","TD_T1L2","GW9823","Tennessee","TD_T1L2--GW9823--Tennessee",38.95,4.5,0.100446428571429,1
"506","TD_T1L4","Besc234","Tennessee","TD_T1L4--Besc234--Tennessee",40.375,14.25,0.373506311011953,5
"507","TD_T1L4","Besc400","Tennessee","TD_T1L4--Besc400--Tennessee",37.25,5.75,0.154120378885297,4
"508","TD_T1L4","CMBF28-1","Tennessee","TD_T1L4--CMBF28-1--Tennessee",38.65,3.25,0.0830895553971275,4
"509","TD_T1L4","GW11026","Tennessee","TD_T1L4--GW11026--Tennessee",28.05,2.25,0.0879617834394905,1
"510","TD_T1L4","GW9823","Tennessee","TD_T1L4--GW9823--Tennessee",38.725,0.5,0.0126582278481013,1
"511","TD_T2L4","Besc234","Tennessee","TD_T2L4--Besc234--Tennessee",34.875,2.25,0.0637789252247085,3
"512","TD_T2L4","Besc400","Tennessee","TD_T2L4--Besc400--Tennessee",49,0.25,0.00458715596330275,1
"513","TD_T2L4","CMBF28-1","Tennessee","TD_T2L4--CMBF28-1--Tennessee",48,3.75,0.0801626688723462,4
"514","TD_T2L4","GW11026","Tennessee","TD_T2L4--GW11026--Tennessee",40.125,11.5,0.278127694762989,5
"515","TD_T2L4","GW9823","Tennessee","TD_T2L4--GW9823--Tennessee",43.375,4,0.0970281124497993,4
"516","TD_T2L6","Besc234","Tennessee","TD_T2L6--Besc234--Tennessee",31.375,13.75,0.439997542299332,5
"517","TD_T2L6","Besc400","Tennessee","TD_T2L6--Besc400--Tennessee",31.5,1.25,0.0366935483870967,1
"518","TD_T2L6","CMBF28-1","Tennessee","TD_T2L6--CMBF28-1--Tennessee",27.125,8,0.271121364351367,5
"519","TD_T2L6","GW11026","Tennessee","TD_T2L6--GW11026--Tennessee",38.5,20.75,0.546499844843637,5
"520","TD_T2L6","GW9823","Tennessee","TD_T2L6--GW9823--Tennessee",37.375,10.25,0.244585704557615,4
"521","TM_T1L1","Besc234","Tennessee","TM_T1L1--Besc234--Tennessee",35.55,14.5,0.396201843131534,5
"522","TM_T1L1","Besc400","Tennessee","TM_T1L1--Besc400--Tennessee",43.2,7,0.169195478145238,3
"523","TM_T1L1","CMBF28-1","Tennessee","TM_T1L1--CMBF28-1--Tennessee",36.1,7,0.196786255935641,4
"524","TM_T1L1","GW11026","Tennessee","TM_T1L1--GW11026--Tennessee",27.775,1.75,0.0627679169627968,4
"525","TM_T1L1","GW9823","Tennessee","TM_T1L1--GW9823--Tennessee",32.275,0,0,1
"526","TM_T2L4","Besc234","Tennessee","TM_T2L4--Besc234--Tennessee",32,7,0.210765599391351,5
"527","TM_T2L4","Besc400","Tennessee","TM_T2L4--Besc400--Tennessee",38.2,3.75,0.0974203239289447,4
"528","TM_T2L4","CMBF28-1","Tennessee","TM_T2L4--CMBF28-1--Tennessee",36.3,1.75,0.0501320571181225,5
"529","TM_T2L4","GW11026","Tennessee","TM_T2L4--GW11026--Tennessee",25,0.5,0.0212765957446807,1
"530","TM_T2L4","GW9823","Tennessee","TM_T2L4--GW9823--Tennessee",33.475,0.75,0.02037558685446,1
"531","WV1","Besc234","West Virginia","WV1--Besc234--West Virginia",42.125,5.75,0.140407628779845,4
"532","WV1","Besc400","West Virginia","WV1--Besc400--West Virginia",41,4.33333333333333,0.104949104949105,4
"533","WV1","CMBF28-1","West Virginia","WV1--CMBF28-1--West Virginia",44.875,3,0.0653210406969805,4
"534","WV1","GW11026","West Virginia","WV1--GW11026--West Virginia",36.6666666666667,10.3333333333333,0.293816137566138,4
"535","WV1","GW9823","West Virginia","WV1--GW9823--West Virginia",34.625,3.75,0.111247947454844,4
"536","WV2","Besc234","West Virginia","WV2--Besc234--West Virginia",46.625,5,0.106056008663398,3
"537","WV2","Besc400","West Virginia","WV2--Besc400--West Virginia",44.125,3.25,0.0703455834143958,3
"538","WV2","CMBF28-1","West Virginia","WV2--CMBF28-1--West Virginia",42.75,6.75,0.176493301314459,5
"539","WV2","GW11026","West Virginia","WV2--GW11026--West Virginia",44.125,5,0.119156161208375,4
"540","WV2","GW9823","West Virginia","WV2--GW9823--West Virginia",45.625,9,0.209188824287834,4
"541","WV3","Besc234","West Virginia","WV3--Besc234--West Virginia",42.25,2.5,0.0673870226501805,4
"542","WV3","Besc400","West Virginia","WV3--Besc400--West Virginia",44.5,8.5,0.176074685193226,1
"543","WV3","CMBF28-1","West Virginia","WV3--CMBF28-1--West Virginia",44.1666666666667,12.6666666666667,0.285307285307286,5
"544","WV3","GW11026","West Virginia","WV3--GW11026--West Virginia",48.5,12.75,0.266257052126617,5
"545","WV3","GW9823","West Virginia","WV3--GW9823--West Virginia",37,5.75,0.131833207589613,4
"546","WV4","Besc234","West Virginia","WV4--Besc234--West Virginia",29.875,13,0.459894461620673,5
"547","WV4","Besc400","West Virginia","WV4--Besc400--West Virginia",35.5,12,0.335686400272547,4
"548","WV4","CMBF28-1","West Virginia","WV4--CMBF28-1--West Virginia",34.25,8.25,0.233644278606965,5
"549","WV4","GW11026","West Virginia","WV4--GW11026--West Virginia",39.75,12.25,0.304275695459056,4
"550","WV4","GW9823","West Virginia","WV4--GW9823--West Virginia",35,7.75,0.226221847278677,4
